{
    "loss": 0.02188604325056076,
    "accuracy": 0.9856114983558655
}